Workbook

Sheet Top Sheet 
A2: वात्सल्य सोसायटी गणेशोत्सव 2025
A3: जमा खर्च
A4: तपशील | B4: रक्कम
A6: जमा झालेली वर्गणी (घरमालक ) | B6: ='Owner '!D29 -> 29518
A7: जमा झालेली वर्गणी (भाडेकरू) | B7: ='Rental '!C34 -> 15584
A8: एकूण वर्गणी जमा | B8: =SUM(B6:B7) -> 45102
A10: एकूण खर्च | B10: =Kharch!D37 -> 36094
A12: एकूण | B12: =B8-B10 -> 9008
A15: Pratik Total Jama Online | B15: 27385
A16: By Rahul retrun bal amt from cash | B16: 982
A17: Total jama | B17: =SUM(B15:B16) -> 28367
A18: Kharch
A19: To Pratik | B19: 1965
A20: To Vinod | B20: 16754
A21: To Prajapati | B21: 640
A22: Total kharch A Online | B22: =SUM(B19:B21) -> 19359
A23: Baki | B23: =B17-B22 -> 9008
A25: Rahul Cash Jama vargani | B25: 17717
A26: Kharch B Cash | B26: 16735
A27: Baki retrun to Pratik online | B27: =B25-B26 -> 982
B28: 325

Sheet Owner 
A1: वात्सल्य सोसायटी गणेशोत्सव 2025
A2: जमा झालेली वर्गणी (घरमालक )
B3: रूम नंबर | C3: नाव | D3: रक्कम | E3: नाव पेमेंट माध्यम | F3: टिपणी
B4: 1 | C4: हरिराम प्रजापती | D4: 1501 | E4: Online
B5: 2 | C5: जालिंदर खंडागळे
B6: 3 | C6: विनोद शेळके | D6: 1501 | E6: Cash
B7: 4 | C7: महादेव कोकरे | D7: 1501 | E7: Online
B8: 5 | C8: राहुल काळे | D8: 1501 | E8: Cash
B9: 6
B10: 7 | C10: सचिन मोरे | D10: 1500 | E10: Online
B11: 8 | C11: राहुल बनगर | D11: 1501 | E11: Cash
B12: 9 | C12: भागोजी नरळे | D12: 1501 | E12: Cash
B13: 10 | C13: सुरज आडे | D13: 1001 | E13: Online
B14: 11 | C14: विलास गाडेकर | D14: 1501 | E14: Online
B15: 12 | C15: विष्णू सापते | D15: 1501 | E15: Cash
B16: 13 | C16: अनिल जाधव | D16: 1501 | E16: Online
B17: 14 | C17: सचिन कोडग | D17: 1501 | E17: Online
B18: 15 | C18: बापूराव घुले | D18: 1501 | E18: Online
B19: 16 | C19: दगडू कोडग | D19: 1501 | E19: Online
B20: 17 | C20: दादा मुळीक | D20: 1501 | E20: Cash
B21: 18 | C21: धनसिंग साळुंखे | D21: 1501 | E21: Online
B22: 19 | C22: आनंद पवार
B23: 20 | C23: बंटी महारांना | D23: 1501 | E23: Online
B24: 21 | C24: मधुकर कोडग | D24: 1501 | E24: Cash
B25: 22 | C25: जालिंदर गोरे | D25: 1501 | E25: Cash
B26: 23 | C26: मनोहर राऊत | D26: 1500 | E26: Online
B27: 24 | C27: प्राजक्ता गुंजाळ
B28: 25
C29: एकूण | D29: =SUM(D4:D28) -> 29518
C32: Cash | D32: =D6+D8+D11+D12+D15+D20+D24+D25 -> 12008
C33: Online | D33: =D4+D7+D10+D13+D14+D16+D17+D18+D19+D21+D23+D26 -> 17510
C34: Total | D34: =D33+D32 -> 29518
C37: Grand Total
C38: Cash | D38: =D32+'Rental '!C41 -> 17717 | E38: 18038 | F38: =E38-D38 -> 321
C39: Online | D39: =D33+'Rental '!C42 -> 27385

Sheet Rental 
A1: वात्सल्य सोसायटी गणेशोत्सव 2025
A2: जमा झालेली वर्गणी (भाडेकरू)
B3: तळ मजला A | E3: पहिला मजला B | H3: दुसरा मजला C
A4: रूम नंबर | B4: नाव | C4: रक्कम | D4: पेमेंट माध्यम | E4: नाव पेमेंट माध्यम | F4: रक्कम | G4: पेमेंट माध्यम | H4: नाव पेमेंट माध्यम | I4: रक्कम | J4: पेमेंट माध्यम | K4: टिपणी
A5: 1 | B5: NA | E5: NA | H5: NA
A6: 2 | B6: Babulal | C6: 501 | D6: Online | E6: Dhiraj Sukhla | F6: 200 | G6: Online | H6: NA
A7: 3 | B7: NA | E7: NA
A8: 4 | B8: Satish Gaikwad | C8: 501 | D8: Online | E8: Pranav Rout | F8: 501 | G8: Online
A9: 5 | B9: NA | E9: NA | H9: NA
A10: 6 | H10: NA
A11: 7 | E11: NA | H11: Shivansh Sukhla | I11: 501 | J11: cash
A12: 8 | B12: Aaji | C12: 200 | D12: Cash | H12: Vinay Mishra | I12: 501 | J12: cash
A13: 9 | B13: Rice 5 kg | E13: NA
A14: 10 | B14: NA | E14: NA
A15: 11 | B15: Abhijit Gavale | C15: 551 | D15: Online | E15: Raj Sharma | F15: 501 | G15: Online
A16: 12 | B16: Pandurang Godavle | C16: 501 | D16: cash | E16: NA | H16: Tushar Dhigude | I16: 501 | J16: cash
A17: 13 | H17: Arman Mulani | I17: 501 | J17: cash
A18: 14 | E18: NA | H18: shirhe | I18: 501 | J18: online
A19: 15 | B19: Sambhaji Gaikwad | C19: 501 | D19: Cash | E19: NA | H19: NA
A20: 16 | B20: Baban Shinde | C20: 501 | D20: Online | E20: NA | H20: NA
A21: 17 | B21: NA | E21: NA | H21: NA
A22: 18 | B22: Monu Singh | C22: 501 | D22: Online | E22: NA | H22: NA
A23: 19 | E23: Pankaj Sharma | F23: 501 | G23: Online | H23: NA
A24: 20 | B24: NA | E24: NA | H24: NA
A25: 21 | B25: Hanumant Patil | C25: 501 | D25: Cash | E25: Nitin Shinde | F25: 501 | G25: Online | H25: Akshya Gothane | I25: 501 | J25: online
A26: 22 | B26: Satish Gaikwad | C26: 1111 | D26: Online | E26: NA | H26: NA
A27: 23 | B27: Pratik Khatale | C27: 501 | D27: Online | E27: Rudhra Ojaha | F27: 501 | G27: Cash | H27: Pratik Kurut | I27: 500 | J27: online
A28: 24 | B28: Rohit Sharma | C28: 501 | D28: Online
A29: 25
A30: इतर | B30: Anand Jadhav | C30: 501 | D30: Online | E30: Mahadev shet tandual 30 kg
A31: इतर | B31: Jivraj Aghav | C31: 500 | D31: Online | E31: Naresh Sawant | F31: 500 | G31: Online
A32: इतर | B32: Hanumant Adsul | C32: 501 | D32: cash | E32: Nurvi Gaikwad | F32: 1000 | G32: cash
B33: एकूण | C33: =SUM(C5:C32) -> 7873 | F33: =SUM(F5:F32) -> 4205 | I33: =SUM(I5:I32) -> 3506
B34: एकूण | C34: =C33+F33+I33 -> 15584
B36: Cash | C36: =C12+C32+C16+C19+C25 -> 2204 | F36: =F27+F32 -> 1501 | I36: =I11+I12+I16+I17 -> 2004
B37: Online | C37: =C6+C8+C15+C20+C26+C27+C28+C30+C31+C22 -> 5669 | F37: =F6+F8+F15+F23+F25+F31 -> 2704 | I37: =I18+I25+I27 -> 1502
B38: Total | C38: =C36+C37 -> 7873 | F38: =F36+F37 -> 4205 | I38: =I36+I37 -> 3506
B40: Grand Total | C40: =C41+C42 -> 15584
B41: Cash | C41: =C36+F36+I36 -> 5709
B42: Online | C42: =C37+F37+I37 -> 9875

Sheet Sheet8
A2: Room No | B2: Name /Mode of pay | C2: Amount | D2: Name /Mode of pay | E2: Amount | F2: Name /Mode of pay | G2: Amount | H2: Remark | I2: Room Type | J2: Type
A3: 1 | I3: रूम नंबर. 1 तळ मजला | J3: तळ मजला
A4: 2 | I4: रूम नंबर. 2 तळ मजला | J4: तळ मजला
A5: 3 | I5: रूम नंबर. 3 तळ मजला | J5: तळ मजला
A6: 4 | I6: रूम नंबर. 4 तळ मजला | J6: तळ मजला
A7: 5 | I7: रूम नंबर. 5 तळ मजला | J7: तळ मजला
A8: 6 | I8: रूम नंबर. 6 तळ मजला | J8: तळ मजला
A9: 7 | I9: रूम नंबर. 7 तळ मजला | J9: तळ मजला
A10: 8 | I10: रूम नंबर. 8 तळ मजला | J10: तळ मजला
A11: 9 | I11: रूम नंबर. 9 तळ मजला | J11: तळ मजला
A12: 10 | I12: रूम नंबर. 10 तळ मजला | J12: तळ मजला
A13: 11 | I13: रूम नंबर. 11 तळ मजला | J13: तळ मजला
A14: 12 | I14: रूम नंबर. 12 तळ मजला | J14: तळ मजला
... A87: 85 | I87: इतर | J87: इतर
B88: Total | C88: =SUM(C3:C87) -> 0

Sheet Kharch
A1: वात्सल्य सोसायटी गणेशोत्सव खर्च 2025
A3: क्रमांक | B3: दिनांक | C3: तपशील | D3: रक्कम | E3: पेमेंट माध्यम आणि टिपणी
A4: 1 | C4: मूर्ती | D4: 3300 | E4: Vinod
A5: 2 | C5: पूजा सामग्री | D5: 1370 | E5: Rahul
A6: 3 | C6: सजावटी चे साहित्य | D6: 500 | E6: Vinod
A7: 4 | C7: मशीन दुरुस्ती | D7: 4000 | E7: Rahul
A8: 5 | C8: साऊंड खर्च | D8: 3800 | E8: Vinod
A9: 6 | C9: डी मार्ट राशन | D9: 4132 | E9: Vinod
A10: 7 | C10: मसाला | D10: 600 | E10: Vinod
A11: 8 | C11: पत्रावळी | D11: 1000 | E11: Rahul
A12: 9 | C12: गॅस | D12: 852 | E12: Vinod
A13: 10 | C13: स्थिर आणि बॅटरी | D13: 170 | E13: Rahul
A14: 11 | C14: पत्रा | D14: 280 | E14: Rahul
A15: 12 | C15: सजावट हर | D15: 220 | E15: Rahul
A16: 13 | C16: प्रसाद | D16: 135 | E16: Rahul
A17: 14 | C17: धुण्याचे साहित्य | D17: =112+50 -> 162 | E17: Rahul
A18: 15 | C18: ब्राह्मण आणि पूजेचे चे साहित्य | D18: 3500 | E18: Rahul
A19: 16 | C19: बुंधी | D19: =200*12 -> 2400 | E19: Vinod
A20: 17 | C20: भाजी | D20: 1000 | E20: pradik online
A21: 18 | C21: ग्लास पाणी | D21: 180 | E21: Vinod
A22: 19 | C22: पूजा प्रसाद आणि भजी | D22: 1438 | E22: Rahul
A23: 20 | C23: पूजा पोषाख | D23: =150+500 -> 650 | E23: Vinod
A24: 21 | C24: आचारी | D24: 1200 | E24: Rahul
A25: 22 | C25: हार | D25: 640 | E25: Prajapati
A26: 23 | C26: पाणी | D26: 240 | E26: Vinod
A27: 24 | C27: प्लास्टिक कागत | D27: 100 | E27: Vinod
A28: 25 | C28: बक्षिक(मेडल) | D28: 1100 | E28: Rahul
A29: 26 | C29: विसर्जन डी मार्ट साहित्य | D29: 660 | E29: Rahul
A30: 27 | C30: डेकोरेशन भगवा कपडा | D30: 1000 | E30: Rahul
A31: 28 | C31: टोपी | D31: 700 | E31: pradik online
A32: 29 | C32: मिरवणूक टेम्पो | D32: 500 | E32: Rahul
A33: 30 | C33: जेवण साहित्य | D33: =175+60+30 -> 265 | E33: pradik online
A34: 31
A35: 32
A36: 33
B37: Total | D37: =SUM(D4:D36) -> 36094

Sheet आरतीचे 
B2: आरतीचे आणि सेवेचे नियोजन
B4: क्रमांक | C4: दिनांक | D4: रूम नंबर सकाळी 9 वाजता | E4: रूम नंबर संध्याकाळी 8 वाजता | H4: पेमेंट माध्यम आणि टिपणी | I4: Sum of रक्कम | J4: Jama | K4: to be refund
B5: 1 | C5: 45896 | D5: 1 | E5: 2 | H5: pradik online | I5: 1965 | J5: 27385 | K5: =J5-I5 -> 25420 | L5: 982 | M5: 325 | N5: paid 1307 to pratik
B6: 2 | C6: =C5+1 -> 28/Aug/2025 | D6: 3 | E6: 4 | H6: Prajapati | I6: 640 | J6: 0 | K6: 640
B7: 3 | C7: =C6+1 -> 29/Aug/2025 | D7: 7 | E7: 8 | H7: Rahul | I7: 16735 | J7: 17717 | K7: -982
B8: 4 | C8: =C7+1 -> 30/Aug/2025 | D8: 9 | E8: 10 | H8: Vinod | I8: 16754 | J8: 0 | K8: 16754
B9: 5 | C9: =C8+1 -> 31/Aug/2025 | D9: 11 | E9: 13 | H9: Grand Total | I9: =SUM(I5:I8) -> 36094 | K9: =SUM(K5:K8) -> 41832
B10: 6 | C10: =C9+1 -> 1/Sep/2025 | D10: 14 | E10: 15
B11: 7 | C11: =C10+1 -> 2/Sep/2025 | D11: 16/21 | E11: 17 | H11: Pratik Total Jama | I11: 27385
B12: 8 | C12: =C11+1 -> 3/Sep/2025 | D12: 18 | E12: 19 | H12: By Rahul retrun bal amt from cash | I12: 982
B13: 9 | C13: =C12+1 -> 4/Sep/2025 | D13: 20 | E13: 22 | H13: Total jama | I13: =SUM(I11:I12) -> 28367
B14: 10 | C14: =C13+1 -> 5/Sep/2025 | D14: 23 | E14: 24 | H14: Kharch
H15: To Pratik | I15: 1965
B16: टीप : | H16: To Vinod | I16: 16735
B17: १) ज्यांचा आरतीचा मान आहे; त्यांनी बाप्पासाठी प्रसाद घेऊन येऊ शकता. | H17: To Prajapati | I17: 640
B18: २)बाप्पाची आरती रोज सकाळची 9 व संध्याकाळी 8 वाजता होईल. | I18: =SUM(I15:I17) -> 19340
B19: बाप्पाच्या आरतीसाठी वेळेत उपस्थित राहणे. | H19: Baki | I19: =I13-I18 -> 9027
B20: ३) ज्या दिवशी आपला आरतीचा मान आहे त्या दिवशी बाप्पाच्या सेवेची जबाबदारी घ्यावी ही विनंती.
B21: ४) आरतीचा मान असलेल्या मानक-यांनी किमान पंधरा मिनिटे अगोदर सहपरिवार उपस्थित रहा ही विनंती. | H21: Rahul Cash Jama vargani | I21: 17717
B22: ५) येत्या रविवारी 31/08/2025 रोजी आपल्या बाप्पाची महापूजा आहे. | H22: Kharch | I22: 16735
H23: Baki retrun to Pratik online | I23: =I21-I22 -> 982
